[
  {
    "id": "ee321a42-3576-41cc-a1e3-30e10471b94c",
    "data": [
      {
        "text": "eftermiddag",
        "userDefined": false
      }
    ],
    "isTemplate": false,
    "count": 0,
    "lang": "da",
    "updated": 0
  },
  {
    "id": "1e199d45-2ae0-43d8-97f1-4786307d183c",
    "data": [
      {
        "text": "hej med dig",
        "userDefined": false
      }
    ],
    "isTemplate": false,
    "count": 0,
    "lang": "da",
    "updated": 0
  },
  {
    "id": "e4fbc02e-8750-4329-8a83-73b2cdf38cec",
    "data": [
      {
        "text": "hejsan",
        "userDefined": false
      }
    ],
    "isTemplate": false,
    "count": 0,
    "lang": "da",
    "updated": 0
  },
  {
    "id": "90d2307f-f614-4523-9bdb-f7e02b131a96",
    "data": [
      {
        "text": "en god dag",
        "userDefined": false
      }
    ],
    "isTemplate": false,
    "count": 0,
    "lang": "da",
    "updated": 0
  },
  {
    "id": "6e7416ac-4a62-4842-8a5a-0e15bd9c4d03",
    "data": [
      {
        "text": "hallo hej",
        "userDefined": false
      }
    ],
    "isTemplate": false,
    "count": 0,
    "lang": "da",
    "updated": 0
  },
  {
    "id": "9b6cf611-84fb-40e0-b7bd-4bfa4854f585",
    "data": [
      {
        "text": "hej",
        "userDefined": false
      }
    ],
    "isTemplate": false,
    "count": 0,
    "lang": "da",
    "updated": 0
  },
  {
    "id": "d933258b-c0cf-475f-bc62-b4928f880ab8",
    "data": [
      {
        "text": "hilsner",
        "userDefined": false
      }
    ],
    "isTemplate": false,
    "count": 0,
    "lang": "da",
    "updated": 0
  },
  {
    "id": "4cf73611-f6bc-4fe8-ad04-4fb57ff9e612",
    "data": [
      {
        "text": "hejsa",
        "userDefined": false
      }
    ],
    "isTemplate": false,
    "count": 0,
    "lang": "da",
    "updated": 0
  },
  {
    "id": "8153808e-12c8-4edb-8262-40ec8c54d160",
    "data": [
      {
        "text": "jeg ville bare sige hej",
        "userDefined": false
      }
    ],
    "isTemplate": false,
    "count": 0,
    "lang": "da",
    "updated": 0
  },
  {
    "id": "9a7457a7-54c6-436a-94bc-3291f923f4df",
    "data": [
      {
        "text": "jeg hilser på dig",
        "userDefined": false
      }
    ],
    "isTemplate": false,
    "count": 0,
    "lang": "da",
    "updated": 0
  },
  {
    "id": "c06b9ae4-4517-4043-a36d-1d2e609ba30d",
    "data": [
      {
        "text": "hej igen",
        "userDefined": false
      }
    ],
    "isTemplate": false,
    "count": 0,
    "lang": "da",
    "updated": 0
  },
  {
    "id": "10ad73af-8f84-461c-9b71-7feba31decc3",
    "data": [
      {
        "text": "det er længe siden",
        "userDefined": false
      }
    ],
    "isTemplate": false,
    "count": 0,
    "lang": "da",
    "updated": 0
  },
  {
    "id": "0a8301db-8785-4499-8527-be6adada594d",
    "data": [
      {
        "text": "dejlig dag synes du ikke",
        "userDefined": false
      }
    ],
    "isTemplate": false,
    "count": 0,
    "lang": "da",
    "updated": 0
  },
  {
    "id": "f9def999-18a3-46ee-a1a8-76c9912ce919",
    "data": [
      {
        "text": "davs",
        "userDefined": false
      }
    ],
    "isTemplate": false,
    "count": 0,
    "lang": "da",
    "updated": 0
  }
]